Id,Name
tran_ha_linh,Trần Hà Linh
niku,Niku
miyukaito,Miyukaito
shunka_ayami,Shunka Ayami
kainaoa,Kainaoa
pimnalin,Pimnalin
no1sy,No1sy
sskok16,Sskok16
eva_elfie,Eva Elfie
skylar_vox,Skylar Vox
cutie_kim,Cutie Kim