Id,Name
arai_kei,arai kei
ashiomi_masato,ashiomi masato
linda,linda
date,date
dramus,dramus
izayoi_seishin,izayoi seishin
karube_guri,karube guri
kishizuka_kenji,kishizuka kenji
mizuryu_kei,mizuryu kei
nanase_mizuho,nanase mizuho
nico_pun_nise,nico pun nise
sanagi_torajirou,sanagi torajirou
sasamori_tomoe,sasamori tomoe
shinozuka_yuuji,shinozuka yuuji
takasugi_kou,takasugi kou
takeda_hiromitsu,takeda hiromitsu
utu,utu
yamatogawa,yamatogawa
